Filename, # of times changed, Code Churn
hibernate-core/src/main/java/org/hibernate/query/internal/AbstractProducedQuery.java, 26, 2076
hibernate-core/src/main/java/org/hibernate/internal/SessionImpl.java, 26, 10636
hibernate-core/src/main/java/org/hibernate/internal/SessionFactoryImpl.java, 22, 7101
hibernate-core/src/main/java/org/hibernate/internal/AbstractSharedSessionContract.java, 16, 1877
hibernate-core/src/main/java/org/hibernate/query/internal/NativeQueryImpl.java, 13, 952
hibernate-core/src/main/java/org/hibernate/jpa/boot/internal/EntityManagerFactoryBuilderImpl.java, 12, 1425
hibernate-core/src/main/java/org/hibernate/query/internal/QueryParameterBindingsImpl.java, 11, 1089
hibernate-core/src/main/java/org/hibernate/procedure/internal/ProcedureCallImpl.java, 9, 1461
hibernate-core/src/main/java/org/hibernate/engine/spi/SharedSessionContractImplementor.java, 9, 618
hibernate-core/src/main/java/org/hibernate/query/Query.java, 8, 2939
hibernate-core/src/main/java/org/hibernate/boot/internal/SessionFactoryBuilderImpl.java, 8, 3874
hibernate-core/src/main/java/org/hibernate/engine/transaction/internal/TransactionImpl.java, 7, 320
hibernate-core/src/main/java/org/hibernate/engine/spi/SessionDelegatorBaseImpl.java, 7, 1921
hibernate-entitymanager/src/test/java/org/hibernate/jpa/test/query/AddNamedQueryTest.java, 5, 438
hibernate-core/src/main/java/org/hibernate/query/internal/QueryParameterBindingImpl.java, 5, 144
hibernate-core/src/main/java/org/hibernate/query/internal/ParameterMetadataImpl.java, 5, 283
hibernate-core/src/main/java/org/hibernate/query/criteria/internal/CriteriaBuilderImpl.java, 5, 1611
hibernate-core/src/main/java/org/hibernate/metamodel/internal/MetamodelImpl.java, 5, 1019
hibernate-core/src/main/java/org/hibernate/engine/spi/SessionFactoryImplementor.java, 5, 1051
hibernate-core/src/main/java/org/hibernate/dialect/Dialect.java, 5, 4757
hibernate-core/src/main/java/org/hibernate/cfg/AvailableSettings.java, 5, 3196
hibernate-core/src/main/java/org/hibernate/boot/spi/SessionFactoryOptions.java, 5, 442
hibernate-infinispan/src/test/java/org/hibernate/test/cache/infinispan/AbstractRegionAccessStrategyTest.java, 4, 1001
hibernate-envers/src/main/java/org/hibernate/envers/internal/synchronization/AuditProcess.java, 4, 464
hibernate-entitymanager/src/test/java/org/hibernate/jpa/test/transaction/TransactionJoiningTest.java, 4, 626
hibernate-entitymanager/src/test/java/org/hibernate/jpa/test/transaction/SynchronizationTypeTest.java, 4, 434
hibernate-entitymanager/src/test/java/org/hibernate/jpa/test/query/QueryTest.java, 4, 2388
hibernate-entitymanager/src/test/java/org/hibernate/jpa/test/BaseEntityManagerFunctionalTestCase.java, 4, 762
hibernate-core/src/main/java/org/hibernate/query/internal/CollectionFilterImpl.java, 4, 136
hibernate-core/src/main/java/org/hibernate/metamodel/spi/MetamodelImplementor.java, 4, 133
hibernate-core/src/main/java/org/hibernate/loader/Loader.java, 4, 6368
hibernate-core/src/main/java/org/hibernate/jpa/spi/HibernateEntityManagerImplementor.java, 4, 273
hibernate-core/src/main/java/org/hibernate/jpa/AvailableSettings.java, 4, 665
hibernate-core/src/main/java/org/hibernate/internal/StatelessSessionImpl.java, 4, 1699
hibernate-core/src/main/java/org/hibernate/engine/spi/SessionFactoryDelegatingImpl.java, 4, 621
hibernate-core/src/main/java/org/hibernate/engine/query/spi/HQLQueryPlan.java, 4, 793
hibernate-core/src/main/java/org/hibernate/dialect/pagination/SQLServer2005LimitHandler.java, 4, 965
hibernate-core/src/main/java/org/hibernate/boot/internal/SessionFactoryOptionsState.java, 4, 389
hibernate-core/src/main/java/org/hibernate/Session.java, 4, 2169
hibernate-core/src/main/java/org/hibernate/Query.java, 4, 3079
documentation/documentation.gradle, 4, 1244
databases.gradle, 4, 148
settings.gradle, 3, 107
libraries.gradle, 3, 678
hibernate-osgi/src/test/java/org/hibernate/osgi/test/OsgiIntegrationTest.java, 3, 912
hibernate-jcache/src/main/java/org/hibernate/cache/jcache/access/AbstractReadWriteRegionAccessStrategy.java, 3, 572
hibernate-infinispan/src/main/java/org/hibernate/cache/infinispan/access/TombstoneAccessDelegate.java, 3, 281
hibernate-infinispan/src/main/java/org/hibernate/cache/infinispan/access/PutFromLoadValidator.java, 3, 4047
hibernate-infinispan/src/main/java/org/hibernate/cache/infinispan/access/NonTxInvalidationCacheAccessDelegate.java, 3, 267
hibernate-infinispan/src/main/java/org/hibernate/cache/infinispan/access/NonStrictAccessDelegate.java, 3, 282
hibernate-envers/src/main/java/org/hibernate/envers/strategy/ValidityAuditStrategy.java, 3, 1729
hibernate-envers/src/main/java/org/hibernate/envers/internal/tools/query/Parameters.java, 3, 882
hibernate-envers/src/main/java/org/hibernate/envers/internal/synchronization/SessionCacheCleaner.java, 3, 128
hibernate-envers/src/main/java/org/hibernate/envers/configuration/internal/EntitiesConfigurator.java, 3, 534
hibernate-envers/src/main/java/org/hibernate/envers/AuditReader.java, 3, 1093
hibernate-entitymanager/src/test/java/org/hibernate/jpa/test/transaction/TransactionJoinHandlingChecker.java, 3, 232
hibernate-entitymanager/src/test/java/org/hibernate/jpa/test/transaction/FlushAndTransactionTest.java, 3, 638
hibernate-entitymanager/src/test/java/org/hibernate/jpa/test/packaging/PackagedEntityManagerTest.java, 3, 1072
hibernate-entitymanager/src/test/java/org/hibernate/jpa/test/ops/PersistTest.java, 3, 518
hibernate-entitymanager/src/test/java/org/hibernate/jpa/test/ops/MergeTest.java, 3, 300
hibernate-entitymanager/src/test/java/org/hibernate/jpa/test/ops/GetLoadTest.java, 3, 334
hibernate-entitymanager/src/test/java/org/hibernate/jpa/test/metadata/MetadataTest.java, 3, 966
hibernate-entitymanager/src/test/java/org/hibernate/jpa/test/lock/LockTimeoutPropertyTest.java, 3, 182
hibernate-entitymanager/src/test/java/org/hibernate/jpa/test/EntityManagerTest.java, 3, 994
hibernate-entitymanager/src/test/java/org/hibernate/jpa/test/EntityManagerFactoryUnwrapTest.java, 3, 292
hibernate-entitymanager/src/test/bundles/cfgxmlpar/META-INF/persistence.xml, 3, 46
hibernate-ehcache/src/main/java/org/hibernate/cache/ehcache/internal/strategy/AbstractReadWriteEhcacheAccessStrategy.java, 3, 1287
hibernate-core/src/test/java/org/hibernate/test/schemaupdate/SchemaExportTest.java, 3, 380
hibernate-core/src/test/java/org/hibernate/test/legacy/FooBarTest.java, 3, 16002
hibernate-core/src/test/java/org/hibernate/test/hql/CriteriaHQLAlignmentTest.java, 3, 1923
hibernate-core/src/test/java/org/hibernate/test/connections/ConnectionManagementTestCase.java, 3, 473
hibernate-core/src/test/java/org/hibernate/jpa/test/query/QueryTest.java, 3, 3028
hibernate-core/src/test/java/org/hibernate/dialect/SQLServer2005DialectTestCase.java, 3, 911
hibernate-core/src/main/java/org/hibernate/type/descriptor/java/JavaTypeDescriptorRegistry.java, 3, 344
hibernate-core/src/main/java/org/hibernate/resource/transaction/backend/jta/internal/JtaTransactionCoordinatorImpl.java, 3, 544
hibernate-core/src/main/java/org/hibernate/resource/transaction/backend/jdbc/internal/JdbcResourceLocalTransactionCoordinatorImpl.java, 3, 425
hibernate-core/src/main/java/org/hibernate/resource/jdbc/spi/JdbcSessionOwner.java, 3, 140
hibernate-core/src/main/java/org/hibernate/query/spi/QueryParameterBinding.java, 3, 77
hibernate-core/src/main/java/org/hibernate/query/procedure/internal/StoredProcedureQueryImpl.java, 3, 1264
hibernate-core/src/main/java/org/hibernate/query/internal/ScrollableResultsIterator.java, 3, 63
hibernate-core/src/main/java/org/hibernate/query/internal/QueryParameterListBindingImpl.java, 3, 101
hibernate-core/src/main/java/org/hibernate/query/internal/QueryImpl.java, 3, 69
hibernate-core/src/main/java/org/hibernate/query/internal/BindingTypeHelper.java, 3, 164
hibernate-core/src/main/java/org/hibernate/query/criteria/internal/compile/CriteriaQueryTypeQueryAdapter.java, 3, 896
hibernate-core/src/main/java/org/hibernate/query/criteria/internal/CriteriaQueryImpl.java, 3, 430
hibernate-core/src/main/java/org/hibernate/query/QueryProducer.java, 3, 166
hibernate-core/src/main/java/org/hibernate/query/NativeQuery.java, 3, 255
hibernate-core/src/main/java/org/hibernate/property/access/spi/GetterFieldImpl.java, 3, 154
hibernate-core/src/main/java/org/hibernate/metamodel/internal/MetadataContext.java, 3, 598
hibernate-core/src/main/java/org/hibernate/metamodel/internal/AttributeFactory.java, 3, 1089
hibernate-core/src/main/java/org/hibernate/loader/hql/QueryLoader.java, 3, 999
hibernate-core/src/main/java/org/hibernate/loader/custom/CustomLoader.java, 3, 1537
hibernate-core/src/main/java/org/hibernate/loader/criteria/CriteriaLoader.java, 3, 747
hibernate-core/src/main/java/org/hibernate/loader/JoinWalker.java, 3, 1671
hibernate-core/src/main/java/org/hibernate/jpa/spi/HibernateEntityManagerFactoryAware.java, 3, 29
hibernate-core/src/main/java/org/hibernate/jpa/internal/AfterCompletionActionLegacyJpaImpl.java, 3, 44
hibernate-core/src/main/java/org/hibernate/jpa/boot/spi/Bootstrap.java, 3, 113
hibernate-core/src/main/java/org/hibernate/jpa/HibernatePersistenceProvider.java, 3, 223
hibernate-core/src/main/java/org/hibernate/jpa/HibernateEntityManagerFactory.java, 3, 200
hibernate-core/src/main/java/org/hibernate/internal/SharedSessionCreationOptions.java, 3, 38
hibernate-core/src/main/java/org/hibernate/internal/SessionCreationOptions.java, 3, 115
hibernate-core/src/main/java/org/hibernate/internal/CoordinatingEntityNameResolver.java, 3, 48
hibernate-core/src/main/java/org/hibernate/internal/AbstractSessionImpl.java, 3, 1560
hibernate-core/src/main/java/org/hibernate/hql/spi/QueryTranslator.java, 3, 245
hibernate-core/src/main/java/org/hibernate/hql/internal/classic/QueryTranslatorImpl.java, 3, 1793
hibernate-core/src/main/java/org/hibernate/hql/internal/ast/QueryTranslatorImpl.java, 3, 945
hibernate-core/src/main/java/org/hibernate/graph/spi/EntityGraphImplementor.java, 3, 37
hibernate-core/src/main/java/org/hibernate/event/internal/DefaultRefreshEventListener.java, 3, 507
hibernate-core/src/main/java/org/hibernate/engine/transaction/spi/TransactionImplementor.java, 3, 191
hibernate-core/src/main/java/org/hibernate/engine/query/spi/ParameterParser.java, 3, 418
hibernate-core/src/main/java/org/hibernate/engine/jdbc/internal/JdbcCoordinatorImpl.java, 3, 1420
hibernate-core/src/main/java/org/hibernate/dialect/PostgreSQL93Dialect.java, 3, 43
hibernate-core/src/main/java/org/hibernate/boot/spi/SessionFactoryBuilderImplementor.java, 3, 84
hibernate-core/src/main/java/org/hibernate/boot/internal/SessionFactoryOptionsImpl.java, 3, 692
hibernate-core/src/main/java/org/hibernate/SharedSessionContract.java, 3, 353
hibernate-core/src/main/java/org/hibernate/SessionBuilder.java, 3, 313
hibernate-core/src/main/java/org/hibernate/Metamodel.java, 3, 50
documentation/src/main/docbook/manual-old/en-US/content/bootstrap.xml, 3, 2768
documentation/src/main/asciidoc/userguide/chapters/envers/Envers.adoc, 3, 2466
documentation/src/main/asciidoc/userguide/chapters/domain/basic_types.adoc, 3, 3140
hibernate-testing/src/main/java/org/hibernate/testing/junit4/BaseCoreFunctionalTestCase.java, 2, 2468
hibernate-testing/src/main/java/org/hibernate/testing/cache/ReadWriteNaturalIdRegionAccessStrategy.java, 2, 465
hibernate-testing/src/main/java/org/hibernate/testing/cache/ReadWriteEntityRegionAccessStrategy.java, 2, 476
hibernate-testing/src/main/java/org/hibernate/testing/cache/BaseNaturalIdRegionAccessStrategy.java, 2, 336
hibernate-testing/src/main/java/org/hibernate/testing/cache/BaseGeneralDataRegion.java, 2, 327
hibernate-testing/src/main/java/org/hibernate/testing/cache/BaseEntityRegionAccessStrategy.java, 2, 354
hibernate-testing/src/main/java/org/hibernate/testing/DialectChecks.java, 2, 662
hibernate-osgi/src/main/java/org/hibernate/osgi/OsgiPersistenceProvider.java, 2, 338
hibernate-jcache/src/main/java/org/hibernate/cache/jcache/access/ReadWriteNaturalIdRegionAccessStrategy.java, 2, 173
hibernate-jcache/src/main/java/org/hibernate/cache/jcache/access/ReadWriteEntityRegionAccessStrategy.java, 2, 174
hibernate-jcache/src/main/java/org/hibernate/cache/jcache/access/NonStrictEntityRegionAccessStrategy.java, 2, 72
hibernate-jcache/src/main/java/org/hibernate/cache/jcache/access/NonStrictCollectionRegionAccessStrategy.java, 2, 48
hibernate-jcache/src/main/java/org/hibernate/cache/jcache/access/JCacheRegionAccessStrategy.java, 2, 103
hibernate-jcache/src/main/java/org/hibernate/cache/jcache/JCacheTransactionalDataRegion.java, 2, 96
hibernate-jcache/src/main/java/org/hibernate/cache/jcache/JCacheRegionFactory.java, 2, 305
hibernate-jcache/src/main/java/org/hibernate/cache/jcache/JCacheMessageLogger.java, 2, 48
hibernate-infinispan/src/test/java/org/hibernate/test/cache/infinispan/util/BatchModeTransactionCoordinator.java, 2, 404
hibernate-infinispan/src/test/java/org/hibernate/test/cache/infinispan/functional/VersionedTest.java, 2, 441
hibernate-infinispan/src/test/java/org/hibernate/test/cache/infinispan/entity/EntityRegionAccessStrategyTest.java, 2, 651
hibernate-infinispan/src/test/java/org/hibernate/test/cache/infinispan/collection/CollectionRegionAccessStrategyTest.java, 2, 550
hibernate-infinispan/src/test/java/org/hibernate/test/cache/infinispan/access/PutFromLoadValidatorUnitTest.java, 2, 1129
hibernate-infinispan/src/main/java/org/hibernate/cache/infinispan/query/QueryResultsRegionImpl.java, 2, 665
hibernate-infinispan/src/main/java/org/hibernate/cache/infinispan/access/TxInvalidationCacheAccessDelegate.java, 2, 162
hibernate-infinispan/src/main/java/org/hibernate/cache/infinispan/access/InvalidationCacheAccessDelegate.java, 2, 243
hibernate-infinispan/src/main/java/org/hibernate/cache/infinispan/access/AccessDelegate.java, 2, 209
hibernate-envers/src/test/java/org/hibernate/envers/test/integration/onetomany/relatedid/AuditRelatedIdInTest.java, 2, 154
hibernate-envers/src/test/java/org/hibernate/envers/test/integration/basic/RegisterUserEventListenersTest.java, 2, 146
hibernate-envers/src/test/java/org/hibernate/envers/test/BaseEnversJPAFunctionalTestCase.java, 2, 635
hibernate-envers/src/main/java/org/hibernate/envers/query/internal/impl/RevisionsOfEntityQuery.java, 2, 417
hibernate-envers/src/main/java/org/hibernate/envers/query/internal/impl/EntitiesModifiedAtRevisionQuery.java, 2, 222
hibernate-envers/src/main/java/org/hibernate/envers/query/internal/impl/EntitiesAtRevisionQuery.java, 2, 346
hibernate-envers/src/main/java/org/hibernate/envers/query/internal/impl/AuditAssociationQueryImpl.java, 2, 565
hibernate-envers/src/main/java/org/hibernate/envers/query/internal/impl/AbstractAuditQuery.java, 2, 760
hibernate-envers/src/main/java/org/hibernate/envers/query/criteria/internal/SimpleAuditExpression.java, 2, 222
hibernate-envers/src/main/java/org/hibernate/envers/query/criteria/internal/RelatedAuditInExpression.java, 2, 73
hibernate-envers/src/main/java/org/hibernate/envers/query/criteria/internal/RelatedAuditEqualityExpression.java, 2, 65
hibernate-envers/src/main/java/org/hibernate/envers/query/criteria/internal/IlikeAuditExpression.java, 2, 70
hibernate-envers/src/main/java/org/hibernate/envers/query/criteria/AuditRelatedId.java, 2, 139
hibernate-envers/src/main/java/org/hibernate/envers/query/criteria/AuditDisjunction.java, 2, 163
hibernate-envers/src/main/java/org/hibernate/envers/query/criteria/AuditConjunction.java, 2, 161
hibernate-envers/src/main/java/org/hibernate/envers/query/criteria/AggregatedAuditExpression.java, 2, 328
hibernate-envers/src/main/java/org/hibernate/envers/query/AuditEntity.java, 2, 355
hibernate-envers/src/main/java/org/hibernate/envers/internal/tools/query/QueryBuilder.java, 2, 869
hibernate-envers/src/main/java/org/hibernate/envers/internal/tools/Tools.java, 2, 172
hibernate-envers/src/main/java/org/hibernate/envers/internal/tools/EntityTools.java, 2, 164
hibernate-envers/src/main/java/org/hibernate/envers/internal/synchronization/work/PersistentCollectionChangeWorkUnit.java, 2, 653
hibernate-envers/src/main/java/org/hibernate/envers/internal/synchronization/EntityChangeNotifier.java, 2, 146
hibernate-envers/src/main/java/org/hibernate/envers/internal/synchronization/AuditProcessManager.java, 2, 158
hibernate-envers/src/main/java/org/hibernate/envers/internal/reader/CrossTypeRevisionChangesReaderImpl.java, 2, 360
hibernate-envers/src/main/java/org/hibernate/envers/internal/reader/AuditReaderImpl.java, 2, 932
hibernate-envers/src/main/java/org/hibernate/envers/internal/entities/mapper/relation/MapCollectionMapper.java, 2, 251
hibernate-envers/src/main/java/org/hibernate/envers/internal/entities/mapper/relation/BasicCollectionMapper.java, 2, 219
hibernate-envers/src/main/java/org/hibernate/envers/internal/entities/mapper/relation/AbstractCollectionMapper.java, 2, 893
hibernate-envers/src/main/java/org/hibernate/envers/internal/entities/RevisionTypeType.java, 2, 254
hibernate-envers/src/main/java/org/hibernate/envers/internal/entities/EntityInstantiator.java, 2, 494
hibernate-envers/src/main/java/org/hibernate/envers/internal/EnversMessageLogger.java, 2, 117
hibernate-envers/src/main/java/org/hibernate/envers/configuration/internal/metadata/reader/AuditedPropertiesReader.java, 2, 2053
hibernate-envers/src/main/java/org/hibernate/envers/configuration/internal/metadata/AuditMetadataGenerator.java, 2, 1815
hibernate-envers/src/main/java/org/hibernate/envers/configuration/internal/AuditEntitiesConfiguration.java, 2, 239
hibernate-entitymanager/src/test/java/org/hibernate/jpa/test/xml/XmlTest.java, 2, 158
hibernate-entitymanager/src/test/java/org/hibernate/jpa/test/transaction/TransactionCommitFailureTest.java, 2, 230
hibernate-entitymanager/src/test/java/org/hibernate/jpa/test/schemagen/JpaSchemaGeneratorTest.java, 2, 332
hibernate-entitymanager/src/test/java/org/hibernate/jpa/test/query/TypedValueParametersTest.java, 2, 466
hibernate-entitymanager/src/test/java/org/hibernate/jpa/test/query/CachedQueryTest.java, 2, 392
hibernate-entitymanager/src/test/java/org/hibernate/jpa/test/procedure/StoreProcedureRefCursorOutParameterByPositionTest.java, 2, 296
hibernate-entitymanager/src/test/java/org/hibernate/jpa/test/procedure/StoreProcedureRefCursorOutParameterByNameTest.java, 2, 294
hibernate-entitymanager/src/test/java/org/hibernate/jpa/test/procedure/JpaTckUsageTest.java, 2, 1130
hibernate-entitymanager/src/test/java/org/hibernate/jpa/test/procedure/DateTimeParameterTest.java, 2, 742
hibernate-entitymanager/src/test/java/org/hibernate/jpa/test/packaging/PackagingTestCase.java, 2, 976
hibernate-entitymanager/src/test/java/org/hibernate/jpa/test/packaging/JarVisitorTest.java, 2, 1608
hibernate-entitymanager/src/test/java/org/hibernate/jpa/test/pack/defaultpar/package-info.java, 2, 22
hibernate-entitymanager/src/test/java/org/hibernate/jpa/test/lock/QueryLockingTest.java, 2, 972
hibernate-entitymanager/src/test/java/org/hibernate/jpa/test/lock/LockTest.java, 2, 2096
hibernate-entitymanager/src/test/java/org/hibernate/jpa/test/jee/OrmVersionTest.java, 2, 380
hibernate-entitymanager/src/test/java/org/hibernate/jpa/test/graphs/queryhint/QueryHintEntityGraphTest.java, 2, 928
hibernate-entitymanager/src/test/java/org/hibernate/jpa/test/graphs/named/subgraph/SubgraphOrmNamedEntityGraphTest.java, 2, 100
hibernate-entitymanager/src/test/java/org/hibernate/jpa/test/emops/Mail.java, 2, 78
hibernate-entitymanager/src/test/java/org/hibernate/jpa/test/ejb3configuration/id/FunkyIdentifierGeneratorProvider.java, 2, 80
hibernate-entitymanager/src/test/java/org/hibernate/jpa/test/ejb3configuration/id/FunkyIdGenerator.java, 2, 80
hibernate-entitymanager/src/test/java/org/hibernate/jpa/test/ejb3configuration/PersisterClassProviderTest.java, 2, 1430
hibernate-entitymanager/src/test/java/org/hibernate/jpa/test/ejb3configuration/InterceptorTest.java, 2, 492
hibernate-entitymanager/src/test/java/org/hibernate/jpa/test/ejb3configuration/EntityManagerSerializationTest.java, 2, 252
hibernate-entitymanager/src/test/java/org/hibernate/jpa/test/ejb3configuration/EntityManagerFactorySerializationTest.java, 2, 312
hibernate-entitymanager/src/test/java/org/hibernate/jpa/test/criteria/selectcase/SelectCaseTest.java, 2, 294
hibernate-entitymanager/src/test/java/org/hibernate/jpa/test/criteria/paths/SingularAttributeJoinTest.java, 2, 518
hibernate-entitymanager/src/test/java/org/hibernate/jpa/test/criteria/basic/ExpressionsTest.java, 2, 712
hibernate-entitymanager/src/test/java/org/hibernate/jpa/test/criteria/basic/Date3Type.java, 2, 314
hibernate-entitymanager/src/test/java/org/hibernate/jpa/test/criteria/QueryBuilderTest.java, 2, 620
hibernate-entitymanager/src/test/java/org/hibernate/jpa/test/criteria/EntitySuperclassCollectionTest.java, 2, 234
hibernate-entitymanager/src/test/java/org/hibernate/jpa/test/connection/PersistenceUnitInfoImpl.java, 2, 276
hibernate-entitymanager/src/test/java/org/hibernate/jpa/test/connection/DataSourceInjectionTest.java, 2, 160
hibernate-entitymanager/src/test/java/org/hibernate/jpa/test/cascade/FetchTest.java, 2, 502
hibernate-entitymanager/src/test/java/org/hibernate/jpa/test/cacheable/cachemodes/SharedCacheModesTest.java, 2, 312
hibernate-entitymanager/src/main/java/org/hibernate/jpa/spi/BaseQueryImpl.java, 2, 4604
hibernate-entitymanager/src/main/java/org/hibernate/jpa/spi/AbstractQueryImpl.java, 2, 1658
hibernate-entitymanager/src/main/java/org/hibernate/jpa/spi/AbstractEntityManagerImpl.java, 2, 5312
hibernate-entitymanager/src/main/java/org/hibernate/jpa/internal/QueryImpl.java, 2, 3848
hibernate-core/src/test/java/org/hibernate/test/type/Java8DateTimeTests.java, 2, 205
hibernate-core/src/test/java/org/hibernate/test/tm/TransactionTimeoutTest.java, 2, 182
hibernate-core/src/test/java/org/hibernate/test/sql/hand/query/NativeSQLQueriesTest.java, 2, 2853
hibernate-core/src/test/java/org/hibernate/test/schemaupdate/foreignkeys/crossschema/CrossSchemaForeignKeyGenerationTest.java, 2, 445
hibernate-core/src/test/java/org/hibernate/test/schemaupdate/SchemaUpdateTableBackedSequenceTest.java, 2, 244
hibernate-core/src/test/java/org/hibernate/test/schemaupdate/SchemaUpdateFormatterTest.java, 2, 169
hibernate-core/src/test/java/org/hibernate/test/manytomanyassociationclass/surrogateid/generated/ManyToManyAssociationClassGeneratedIdTest.java, 2, 744
hibernate-core/src/test/java/org/hibernate/test/loadplans/plans/LoadPlanStructureAssertionTest.java, 2, 586
hibernate-core/src/test/java/org/hibernate/test/legacy/MasterDetailTest.java, 2, 3805
hibernate-core/src/test/java/org/hibernate/test/legacy/CustomPersister.java, 2, 2415
hibernate-core/src/test/java/org/hibernate/test/jpa/naturalid/ImmutableNaturalIdTest.java, 2, 993
hibernate-core/src/test/java/org/hibernate/test/jdbc/internal/BatchingTest.java, 2, 392
hibernate-core/src/test/java/org/hibernate/test/id/uuid/interpretation/UUIDBasedIdInterpretationTest.java, 2, 146
hibernate-core/src/test/java/org/hibernate/test/hql/HQLTest.java, 2, 5098
hibernate-core/src/test/java/org/hibernate/test/hql/ASTParserLoadingTest.java, 2, 10565
hibernate-core/src/test/java/org/hibernate/test/connections/ThreadLocalCurrentSessionTest.java, 2, 278
hibernate-core/src/test/java/org/hibernate/test/bytecode/enhancement/lazy/HHH_10708/UnexpectedDeleteOneTestTask.java, 2, 202
hibernate-core/src/test/java/org/hibernate/test/bytecode/enhancement/EnhancerTest.java, 2, 1848
hibernate-core/src/test/java/org/hibernate/test/annotations/onetoone/OptionalOneToOnePKJCTest.java, 2, 207
hibernate-core/src/test/java/org/hibernate/test/annotations/immutable/ImmutableTest.java, 2, 809
hibernate-core/src/test/java/org/hibernate/test/annotations/entity/BasicHibernateAnnotationsTest.java, 2, 2457
hibernate-core/src/test/java/org/hibernate/jpa/test/schemagen/SchemaScriptFileGenerationTest.java, 2, 123
hibernate-core/src/test/java/org/hibernate/jpa/test/packaging/PackagedEntityManagerTest.java, 2, 517
hibernate-core/src/test/java/org/hibernate/jpa/test/lock/QueryLockingTest.java, 2, 469
hibernate-core/src/test/java/org/hibernate/jpa/test/criteria/selectcase/SelectCaseTest.java, 2, 144
hibernate-core/src/test/java/org/hibernate/jpa/test/criteria/EntitySuperclassCollectionTest.java, 2, 136
hibernate-core/src/test/java/org/hibernate/jpa/test/cdi/NoCdiAvailableTest.java, 2, 185
hibernate-core/src/test/java/org/hibernate/jpa/test/beanvalidation/CupHolder.java, 2, 61
hibernate-core/src/test/java/org/hibernate/jpa/test/beanvalidation/BeanValidationTest.java, 2, 108
hibernate-core/src/main/java/org/hibernate/type/descriptor/WrapperOptionsContext.java, 2, 37
hibernate-core/src/main/java/org/hibernate/type/ZonedDateTimeType.java, 2, 74
hibernate-core/src/main/java/org/hibernate/type/OffsetDateTimeType.java, 2, 73
hibernate-core/src/main/java/org/hibernate/type/LocalDateTimeType.java, 2, 75
hibernate-core/src/main/java/org/hibernate/type/InstantType.java, 2, 77
hibernate-core/src/main/java/org/hibernate/type/EnumType.java, 2, 1380
hibernate-core/src/main/java/org/hibernate/type/AnyType.java, 2, 1141
hibernate-core/src/main/java/org/hibernate/tuple/entity/EntityMetamodel.java, 2, 3726
hibernate-core/src/main/java/org/hibernate/tool/schema/internal/SchemaMigratorImpl.java, 2, 1596
hibernate-core/src/main/java/org/hibernate/tool/schema/extract/internal/InformationExtractorJdbcDatabaseMetaDataImpl.java, 2, 1689
hibernate-core/src/main/java/org/hibernate/stat/internal/ConcurrentStatisticsImpl.java, 2, 1299
hibernate-core/src/main/java/org/hibernate/stat/internal/ConcurrentQueryStatisticsImpl.java, 2, 267
hibernate-core/src/main/java/org/hibernate/sql/Template.java, 2, 898
hibernate-core/src/main/java/org/hibernate/service/spi/SessionFactoryServiceRegistryFactory.java, 2, 147
hibernate-core/src/main/java/org/hibernate/resource/transaction/spi/SynchronizationRegistryImplementor.java, 2, 83
hibernate-core/src/main/java/org/hibernate/resource/transaction/backend/jta/internal/synchronization/ManagedFlushChecker.java, 2, 74
hibernate-core/src/main/java/org/hibernate/resource/transaction/backend/jta/internal/synchronization/AfterCompletionAction.java, 2, 74
hibernate-core/src/main/java/org/hibernate/resource/jdbc/spi/PhysicalConnectionHandlingMode.java, 2, 120
hibernate-core/src/main/java/org/hibernate/resource/jdbc/internal/LogicalConnectionManagedImpl.java, 2, 390
hibernate-core/src/main/java/org/hibernate/resource/jdbc/internal/AbstractLogicalConnectionImplementor.java, 2, 168
hibernate-core/src/main/java/org/hibernate/query/spi/ScrollableResultsImplementor.java, 2, 25
hibernate-core/src/main/java/org/hibernate/query/spi/QueryProducerImplementor.java, 2, 70
hibernate-core/src/main/java/org/hibernate/query/spi/QueryParameterListBinding.java, 2, 64
hibernate-core/src/main/java/org/hibernate/query/spi/QueryParameterBindings.java, 2, 172
hibernate-core/src/main/java/org/hibernate/query/spi/QueryParameterBindingTypeResolver.java, 2, 20
hibernate-core/src/main/java/org/hibernate/query/spi/NativeQueryImplementor.java, 2, 286
hibernate-core/src/main/java/org/hibernate/query/spi/NamedQueryRepository.java, 2, 202
hibernate-core/src/main/java/org/hibernate/query/spi/CloseableIterator.java, 2, 28
hibernate-core/src/main/java/org/hibernate/query/procedure/spi/StoredProcedureQueryImplementor.java, 2, 164
hibernate-core/src/main/java/org/hibernate/query/procedure/internal/ProcedureParameterBindingImpl.java, 2, 110
hibernate-core/src/main/java/org/hibernate/query/internal/QueryParameterNamedImpl.java, 2, 72
hibernate-core/src/main/java/org/hibernate/query/internal/QueryParameterImpl.java, 2, 38
hibernate-core/src/main/java/org/hibernate/query/internal/NativeQueryReturnBuilderRootImpl.java, 2, 89
hibernate-core/src/main/java/org/hibernate/query/internal/NativeQueryReturnBuilderFetchImpl.java, 2, 90
hibernate-core/src/main/java/org/hibernate/query/criteria/internal/expression/SimpleCaseExpression.java, 2, 201
hibernate-core/src/main/java/org/hibernate/query/criteria/internal/expression/SearchedCaseExpression.java, 2, 182
hibernate-core/src/main/java/org/hibernate/query/criteria/internal/expression/ParameterExpressionImpl.java, 2, 137
hibernate-core/src/main/java/org/hibernate/query/criteria/internal/expression/LiteralExpression.java, 2, 123
hibernate-core/src/main/java/org/hibernate/query/criteria/internal/expression/CaseLiteralExpression.java, 2, 76
hibernate-core/src/main/java/org/hibernate/query/criteria/internal/compile/CriteriaInterpretation.java, 2, 37
hibernate-core/src/main/java/org/hibernate/query/criteria/internal/compile/CriteriaCompiler.java, 2, 187
hibernate-core/src/main/java/org/hibernate/query/criteria/internal/AbstractManipulationCriteriaQuery.java, 2, 181
hibernate-core/src/main/java/org/hibernate/query/criteria/HibernateCriteriaBuilder.java, 2, 72
hibernate-core/src/main/java/org/hibernate/query/QueryParameter.java, 2, 40
hibernate-core/src/main/java/org/hibernate/query/ParameterMetadata.java, 2, 65
hibernate-core/src/main/java/org/hibernate/query/BasicQueryContract.java, 2, 490
hibernate-core/src/main/java/org/hibernate/procedure/internal/AbstractParameterRegistrationImpl.java, 2, 629
hibernate-core/src/main/java/org/hibernate/persister/entity/AbstractEntityPersister.java, 2, 11437
hibernate-core/src/main/java/org/hibernate/metamodel/internal/PluralAttributeImpl.java, 2, 233
hibernate-core/src/main/java/org/hibernate/metamodel/internal/JpaMetaModelPopulationSetting.java, 2, 56
hibernate-core/src/main/java/org/hibernate/mapping/Table.java, 2, 1880
hibernate-core/src/main/java/org/hibernate/loader/plan/exec/process/internal/EntityReferenceInitializerImpl.java, 2, 590
hibernate-core/src/main/java/org/hibernate/loader/plan/exec/internal/EntityLoadQueryDetails.java, 2, 394
hibernate-core/src/main/java/org/hibernate/loader/entity/plan/AbstractLoadPlanBasedEntityLoader.java, 2, 1632
hibernate-core/src/main/java/org/hibernate/jpa/spi/TupleBuilderTransformer.java, 2, 179
hibernate-core/src/main/java/org/hibernate/jpa/spi/CriteriaQueryTupleTransformer.java, 2, 155
hibernate-core/src/main/java/org/hibernate/jpa/spi/AbstractEntityManagerImpl.java, 2, 3536
hibernate-core/src/main/java/org/hibernate/jpa/internal/util/PessimisticNumberParser.java, 2, 62
hibernate-core/src/main/java/org/hibernate/jpa/internal/util/FlushModeTypeHelper.java, 2, 99
hibernate-core/src/main/java/org/hibernate/jpa/internal/util/ConfigurationHelper.java, 2, 106
hibernate-core/src/main/java/org/hibernate/jpa/internal/util/CacheModeHelper.java, 2, 127
hibernate-core/src/main/java/org/hibernate/jpa/internal/StoredProcedureQueryImpl.java, 2, 1102
hibernate-core/src/main/java/org/hibernate/jpa/internal/PersistenceUnitUtilImpl.java, 2, 157
hibernate-core/src/main/java/org/hibernate/jpa/internal/ManagedFlushCheckerLegacyJpaImpl.java, 2, 31
hibernate-core/src/main/java/org/hibernate/jpa/internal/ExceptionMapperLegacyJpaImpl.java, 2, 42
hibernate-core/src/main/java/org/hibernate/jpa/graph/internal/SubgraphImpl.java, 2, 408
hibernate-core/src/main/java/org/hibernate/jpa/graph/internal/EntityGraphImpl.java, 2, 525
hibernate-core/src/main/java/org/hibernate/jpa/graph/internal/AttributeNodeImpl.java, 2, 923
hibernate-core/src/main/java/org/hibernate/jpa/graph/internal/AbstractGraphNode.java, 2, 632
hibernate-core/src/main/java/org/hibernate/jpa/event/spi/JpaIntegrator.java, 2, 228
hibernate-core/src/main/java/org/hibernate/jpa/boot/spi/Settings.java, 2, 62
hibernate-core/src/main/java/org/hibernate/jpa/boot/spi/ProviderChecker.java, 2, 121
hibernate-core/src/main/java/org/hibernate/jpa/HibernateEntityManager.java, 2, 34
hibernate-core/src/main/java/org/hibernate/internal/log/DeprecationLogger.java, 2, 303
hibernate-core/src/main/java/org/hibernate/internal/NonContextualJdbcConnectionAccess.java, 2, 61
hibernate-core/src/main/java/org/hibernate/internal/JdbcSessionContextImpl.java, 2, 117
hibernate-core/src/main/java/org/hibernate/internal/JdbcObserverImpl.java, 2, 114
hibernate-core/src/main/java/org/hibernate/internal/HEMLogging.java, 2, 42
hibernate-core/src/main/java/org/hibernate/internal/ExceptionMapperStandardImpl.java, 2, 44
hibernate-core/src/main/java/org/hibernate/internal/EntityManagerMessageLogger.java, 2, 144
hibernate-core/src/main/java/org/hibernate/internal/ContextualJdbcConnectionAccess.java, 2, 87
hibernate-core/src/main/java/org/hibernate/internal/CacheImpl.java, 2, 889
hibernate-core/src/main/java/org/hibernate/internal/AbstractScrollableResults.java, 2, 538
hibernate-core/src/main/java/org/hibernate/id/ForeignGenerator.java, 2, 214
hibernate-core/src/main/java/org/hibernate/hql/internal/ast/util/SessionFactoryHelper.java, 2, 554
hibernate-core/src/main/java/org/hibernate/hql/internal/ast/tree/SelectClause.java, 2, 722
hibernate-core/src/main/java/org/hibernate/engine/spi/SessionOwner.java, 2, 89
hibernate-core/src/main/java/org/hibernate/engine/spi/SessionImplementor.java, 2, 1122
hibernate-core/src/main/java/org/hibernate/engine/spi/SessionBuilderImplementor.java, 2, 78
hibernate-core/src/main/java/org/hibernate/engine/spi/RowSelection.java, 2, 130
hibernate-core/src/main/java/org/hibernate/engine/spi/EntityEntry.java, 2, 1920
hibernate-core/src/main/java/org/hibernate/engine/spi/CollectionEntry.java, 2, 579
hibernate-core/src/main/java/org/hibernate/engine/jdbc/spi/JdbcCoordinator.java, 2, 456
hibernate-core/src/main/java/org/hibernate/engine/internal/Collections.java, 2, 632
hibernate-core/src/main/java/org/hibernate/engine/internal/AbstractEntityEntry.java, 2, 782
hibernate-core/src/main/java/org/hibernate/dialect/HSQLDialect.java, 2, 1428
hibernate-core/src/main/java/org/hibernate/dialect/AbstractTransactSQLDialect.java, 2, 581
hibernate-core/src/main/java/org/hibernate/cfg/beanvalidation/TypeSafeActivator.java, 2, 1440
hibernate-core/src/main/java/org/hibernate/cfg/annotations/SimpleValueBinder.java, 2, 1619
hibernate-core/src/main/java/org/hibernate/cfg/annotations/PropertyBinder.java, 2, 962
hibernate-core/src/main/java/org/hibernate/cfg/annotations/EntityBinder.java, 2, 2009
hibernate-core/src/main/java/org/hibernate/cfg/annotations/CollectionBinder.java, 2, 3083
hibernate-core/src/main/java/org/hibernate/cfg/Environment.java, 2, 1804
hibernate-core/src/main/java/org/hibernate/cfg/Ejb3JoinColumn.java, 2, 1395
hibernate-core/src/main/java/org/hibernate/cfg/Ejb3Column.java, 2, 1189
hibernate-core/src/main/java/org/hibernate/cfg/Configuration.java, 2, 11498
hibernate-core/src/main/java/org/hibernate/cfg/AnnotationBinder.java, 2, 6212
hibernate-core/src/main/java/org/hibernate/cache/spi/RegionFactory.java, 2, 368
hibernate-core/src/main/java/org/hibernate/cache/internal/DefaultCacheKeysFactory.java, 2, 200
hibernate-core/src/main/java/org/hibernate/boot/spi/AbstractDelegatingSessionFactoryOptions.java, 2, 465
hibernate-core/src/main/java/org/hibernate/boot/registry/selector/internal/StrategySelectorImpl.java, 2, 285
hibernate-core/src/main/java/org/hibernate/action/internal/BulkOperationCleanupAction.java, 2, 375
hibernate-core/src/main/java/org/hibernate/SynchronizeableQuery.java, 2, 142
hibernate-core/src/main/java/org/hibernate/SharedSessionBuilder.java, 2, 253
hibernate-core/src/main/java/org/hibernate/SessionFactoryObserver.java, 2, 109
hibernate-core/src/main/java/org/hibernate/ScrollableResults.java, 2, 690
hibernate-core/src/main/java/org/hibernate/SQLQuery.java, 2, 846
hibernate-core/src/main/java/org/hibernate/ConnectionReleaseMode.java, 2, 241
hibernate-core/src/main/java/org/hibernate/BasicQueryContract.java, 2, 356
documentation/src/test/java/org/hibernate/userguide/multitenancy/SchemaMultiTenancyTest.java, 2, 34
documentation/src/test/java/org/hibernate/userguide/multitenancy/DatabaseMultiTenancyTest.java, 2, 31
documentation/src/test/java/org/hibernate/userguide/flush/AutoFlushTest.java, 2, 239
